{
    "name": "importHelper",
    "author": "Vanessa",
    "url": "https://github.com/siyuan-note/plugin-sample",
    "version": "0.2.0",
    "minAppVersion": "2.10.0",
    "backends": ["windows", "linux", "darwin"],
    "frontends": ["desktop"],
    "displayName": {
      "default": "importHelper",
      "zh_CN": "导入助手"
    },
    "description": {
      "default": "This is a plugin sample",
      "zh_CN": "这是一个插件示例"
    },
    "readme": {
      "default": "README.md",
      "en_US": "README_en_US.md"
    },
    "funding": {
      "openCollective": "",
      "patreon": "",
      "github": "",
      "custom": [
        "https://ld246.com/sponsor"
      ]
    }
  }